Student ID,Name,Department,Python,SQL,C++,OOP,IOT,Attendance
101,Aarav Sharma,Computer Science and Engineering,85,90,88,92,80,92.5
102,Priya Patel,Information Technology,78,82,80,85,75,85.0
103,Rohan Deshmukh,Computer Science and Engineering,,75,70,78,72,78.0
104,Sneha Kulkarni,Electronics & Telecommunication,92,95,94,98,90,98.0
105,Amit Verma,Mechanical Engineering,45,50,48,55,42,60.5
106,Neha Singh,Computer Science and Engineering,88,84,89,90,86,90.0
107,Vikram Joshi,Information Technology,35,40,42,48,38,55.0
108,Ananya Rao,Electronics & Telecommunication,72,68,75,70,65,82.0
109,Kiran Kumar,Mechanical Engineering,65,70,,68,60,76.5
110,Pooja Hegde,Computer Science and Engineering,95,92,96,94,91,99.0
111,Manish Jadhav,Information Technology,50,55,52,58,49,65.0
112,Divya Nair,Electronics & Telecommunication,81,85,83,82,79,88.5
113,Sachin Kumadalikar,Computer Science and Engineering,98,96,99,95,94,99.5
114,Prabha Patil,Information Technology,89,88,90,86,85,91.0
115,Shilpa Kumadalikar,Computer Science and Engineering,76,79,81,,74,84.0
116,Bhimashankar Koli,Mechanical Engineering,55,60,58,62,50,68.0
117,Sagar Koli,Mechanical Engineering,62,65,60,66,58,72.0
118,Megha Kulkarni,Computer Science and Engineering,91,89,92,90,88,95.0
119,Nikku Pawar,Information Technology,83,80,85,82,78,86.5
120,Priyanka Sharma,Electronics & Telecommunication,74,72,76,,70,80.0
121,Pradnya Joshi,Computer Science and Engineering,87,85,90,88,84,92.0
122,Rahul Kulkarni,Mechanical Engineering,48,52,50,54,45,62.0
123,Swati Patil,Information Technology,79,81,78,82,76,85.5
124,Akash More,Electronics & Telecommunication,68,70,72,65,62,78.5
125,Pooja Deshmukh,Computer Science and Engineering,94,91,95,96,92,97.0
